{
  "apkFileName": "Instagram.apk",
  "VersionInfo": {
    "versionName": "1.0.0-alpha",
    "versionCode": "1"
  },
  "UsesFramework": {
    "ids": [1],
    "tag": null
  },
  "unknownFiles": {
    "play-services-basement.properties": "0",
    "firebase-storage.properties": "0",
    "play-services-base.properties": "0",
    "firebase-database.properties": "0",
    "firebase-auth-interop.properties": "8",
    "firebase-common.properties": "0",
    "play-services-tasks.properties": "0",
    "okhttp3/internal/publicsuffix/publicsuffixes.gz": "8",
    "firebase-database-collection.properties": "8"
  },
  "PackageInfo": {
    "forcedPackageId": "127",
    "renameManifestPackage": null
  },
  "doNotCompress": [
    "resources.arsc",
    "png",
    "assets/12.png",
    "assets/bn2.png",
    "assets/facebook_text.png",
    "assets/gp.png",
    "assets/lgo.png",
    "assets/paytm.png",
    "assets/pkl1.png",
    "assets/pkl2.png",
    "assets/tw.png",
    "assets/ur01.png",
    "assets/ur02.png",
    "assets/ur03.png",
    "assets/ur04.png",
    "assets/ur05.png",
    "assets/ur06.png",
    "assets/ur07.png",
    "assets/ur08.png",
    "assets/ur09.png",
    "assets/ur10.png",
    "assets/ur11.png",
    "assets/websites/images/dropbox1.png",
    "assets/websites/images/dropbox3.png",
    "assets/websites/images/facebook1.png",
    "assets/websites/images/facebook2.png",
    "assets/websites/images/facebook3.png",
    "assets/websites/images/facebook4.png",
    "assets/websites/images/facebook5.png",
    "assets/websites/images/free_fire2.png",
    "assets/websites/images/free_fire3.png",
    "assets/websites/images/github1.png",
    "assets/websites/images/instagram1.png",
    "assets/websites/images/instagram2.png",
    "assets/websites/images/linkedin1.png",
    "assets/websites/images/linkedin2.png",
    "assets/websites/images/linkedin3.png",
    "assets/websites/images/messenger1.png",
    "assets/websites/images/microsoft1.png",
    "assets/websites/images/microsoft3.png",
    "assets/websites/images/netflix1.png",
    "assets/websites/images/paypal2.png",
    "assets/websites/images/protonmail1.png",
    "assets/websites/images/protonmail2.png",
    "assets/websites/images/protonmail3.png",
    "assets/websites/images/protonmail4.png",
    "assets/websites/images/pubg2.png",
    "assets/websites/images/sample1.png",
    "assets/websites/images/snapchat1.png",
    "assets/websites/images/snapchat2.png",
    "assets/websites/images/test.png",
    "assets/websites/images/tumblir1.png",
    "assets/websites/images/tumblir2.png",
    "assets/websites/images/twitter1.png",
    "assets/websites/images/wordpress1.png",
    "assets/websites/images/wordpress2.png",
    "assets/websites/images/yahoo1.png",
    "assets/websites/images/yahoo2.png",
    "res/drawable-hdpi/abc_ab_share_pack_mtrl_alpha.9.png",
    "res/drawable-hdpi/abc_btn_check_to_on_mtrl_000.png",
    "res/drawable-hdpi/abc_btn_check_to_on_mtrl_015.png",
    "res/drawable-hdpi/abc_btn_radio_to_on_mtrl_000.png",
    "res/drawable-hdpi/abc_btn_radio_to_on_mtrl_015.png",
    "res/drawable-hdpi/abc_btn_switch_to_on_mtrl_00001.9.png",
    "res/drawable-hdpi/abc_btn_switch_to_on_mtrl_00012.9.png",
    "res/drawable-hdpi/abc_cab_background_top_mtrl_alpha.9.png",
    "res/drawable-hdpi/abc_ic_commit_search_api_mtrl_alpha.png",
    "res/drawable-hdpi/abc_ic_menu_copy_mtrl_am_alpha.png",
    "res/drawable-hdpi/abc_ic_menu_cut_mtrl_alpha.png",
    "res/drawable-hdpi/abc_ic_menu_paste_mtrl_am_alpha.png",
    "res/drawable-hdpi/abc_ic_menu_selectall_mtrl_alpha.png",
    "res/drawable-hdpi/abc_ic_menu_share_mtrl_alpha.png",
    "res/drawable-hdpi/abc_ic_star_black_16dp.png",
    "res/drawable-hdpi/abc_ic_star_black_36dp.png",
    "res/drawable-hdpi/abc_ic_star_black_48dp.png",
    "res/drawable-hdpi/abc_ic_star_half_black_16dp.png",
    "res/drawable-hdpi/abc_ic_star_half_black_36dp.png",
    "res/drawable-hdpi/abc_ic_star_half_black_48dp.png",
    "res/drawable-hdpi/abc_list_divider_mtrl_alpha.9.png",
    "res/drawable-hdpi/abc_list_focused_holo.9.png",
    "res/drawable-hdpi/abc_list_longpressed_holo.9.png",
    "res/drawable-hdpi/abc_list_pressed_holo_dark.9.png",
    "res/drawable-hdpi/abc_list_pressed_holo_light.9.png",
    "res/drawable-hdpi/abc_list_selector_disabled_holo_dark.9.png",
    "res/drawable-hdpi/abc_list_selector_disabled_holo_light.9.png",
    "res/drawable-hdpi/abc_menu_hardkey_panel_mtrl_mult.9.png",
    "res/drawable-hdpi/abc_popup_background_mtrl_mult.9.png",
    "res/drawable-hdpi/abc_scrubber_control_off_mtrl_alpha.png",
    "res/drawable-hdpi/abc_scrubber_control_to_pressed_mtrl_000.png",
    "res/drawable-hdpi/abc_scrubber_control_to_pressed_mtrl_005.png",
    "res/drawable-hdpi/abc_scrubber_primary_mtrl_alpha.9.png",
    "res/drawable-hdpi/abc_scrubber_track_mtrl_alpha.9.png",
    "res/drawable-hdpi/abc_spinner_mtrl_am_alpha.9.png",
    "res/drawable-hdpi/abc_switch_track_mtrl_alpha.9.png",
    "res/drawable-hdpi/abc_tab_indicator_mtrl_alpha.9.png",
    "res/drawable-hdpi/abc_text_select_handle_left_mtrl_dark.png",
    "res/drawable-hdpi/abc_text_select_handle_left_mtrl_light.png",
    "res/drawable-hdpi/abc_text_select_handle_middle_mtrl_dark.png",
    "res/drawable-hdpi/common_full_open_on_phone.png",
    "res/drawable-hdpi/abc_text_select_handle_middle_mtrl_light.png",
    "res/drawable-hdpi/abc_text_select_handle_right_mtrl_dark.png",
    "res/drawable-hdpi/abc_text_select_handle_right_mtrl_light.png",
    "res/drawable-hdpi/abc_textfield_activated_mtrl_alpha.9.png",
    "res/drawable-hdpi/abc_textfield_default_mtrl_alpha.9.png",
    "res/drawable-hdpi/abc_textfield_search_activated_mtrl_alpha.9.png",
    "res/drawable-hdpi/abc_textfield_search_default_mtrl_alpha.9.png",
    "res/drawable-hdpi/common_google_signin_btn_icon_dark_normal_background.9.png",
    "res/drawable-hdpi/common_google_signin_btn_icon_light_normal_background.9.png",
    "res/drawable-hdpi/common_google_signin_btn_text_dark_normal_background.9.png",
    "res/drawable-hdpi/common_google_signin_btn_text_light_normal_background.9.png",
    "res/drawable-hdpi/googleg_disabled_color_18.png",
    "res/drawable-hdpi/googleg_standard_color_18.png",
    "res/drawable-hdpi/notification_bg_low_normal.9.png",
    "res/drawable-hdpi/notification_bg_low_pressed.9.png",
    "res/drawable-hdpi/notification_bg_normal.9.png",
    "res/drawable-hdpi/notification_bg_normal_pressed.9.png",
    "res/drawable-hdpi/notify_panel_notification_icon_bg.png",
    "res/drawable-ldrtl-hdpi-v17/abc_ic_menu_copy_mtrl_am_alpha.png",
    "res/drawable-ldrtl-hdpi-v17/abc_ic_menu_cut_mtrl_alpha.png",
    "res/drawable-ldrtl-hdpi-v17/abc_spinner_mtrl_am_alpha.9.png",
    "res/drawable-ldrtl-mdpi-v17/abc_ic_menu_copy_mtrl_am_alpha.png",
    "res/drawable-ldrtl-mdpi-v17/abc_ic_menu_cut_mtrl_alpha.png",
    "res/drawable-ldrtl-mdpi-v17/abc_spinner_mtrl_am_alpha.9.png",
    "res/drawable-ldrtl-xhdpi-v17/abc_ic_menu_copy_mtrl_am_alpha.png",
    "res/drawable-ldrtl-xhdpi-v17/abc_ic_menu_cut_mtrl_alpha.png",
    "res/drawable-ldrtl-xhdpi-v17/abc_spinner_mtrl_am_alpha.9.png",
    "res/drawable-ldrtl-xxhdpi-v17/abc_ic_menu_copy_mtrl_am_alpha.png",
    "res/drawable-ldrtl-xxhdpi-v17/abc_ic_menu_cut_mtrl_alpha.png",
    "res/drawable-ldrtl-xxhdpi-v17/abc_spinner_mtrl_am_alpha.9.png",
    "res/drawable-ldrtl-xxxhdpi-v17/abc_ic_menu_copy_mtrl_am_alpha.png",
    "res/drawable-ldrtl-xxxhdpi-v17/abc_ic_menu_cut_mtrl_alpha.png",
    "res/drawable-ldrtl-xxxhdpi-v17/abc_spinner_mtrl_am_alpha.9.png",
    "res/drawable-mdpi/abc_ab_share_pack_mtrl_alpha.9.png",
    "res/drawable-mdpi/abc_btn_check_to_on_mtrl_000.png",
    "res/drawable-mdpi/abc_btn_check_to_on_mtrl_015.png",
    "res/drawable-mdpi/abc_btn_radio_to_on_mtrl_000.png",
    "res/drawable-mdpi/abc_btn_radio_to_on_mtrl_015.png",
    "res/drawable-mdpi/abc_btn_switch_to_on_mtrl_00001.9.png",
    "res/drawable-mdpi/abc_btn_switch_to_on_mtrl_00012.9.png",
    "res/drawable-mdpi/abc_cab_background_top_mtrl_alpha.9.png",
    "res/drawable-mdpi/abc_ic_commit_search_api_mtrl_alpha.png",
    "res/drawable-mdpi/abc_ic_menu_copy_mtrl_am_alpha.png",
    "res/drawable-mdpi/abc_ic_menu_cut_mtrl_alpha.png",
    "res/drawable-mdpi/abc_ic_menu_paste_mtrl_am_alpha.png",
    "res/drawable-mdpi/abc_ic_menu_selectall_mtrl_alpha.png",
    "res/drawable-mdpi/abc_ic_menu_share_mtrl_alpha.png",
    "res/drawable-mdpi/abc_ic_star_black_16dp.png",
    "res/drawable-mdpi/abc_ic_star_black_36dp.png",
    "res/drawable-mdpi/abc_ic_star_black_48dp.png",
    "res/drawable-mdpi/abc_ic_star_half_black_16dp.png",
    "res/drawable-mdpi/abc_ic_star_half_black_36dp.png",
    "res/drawable-mdpi/abc_ic_star_half_black_48dp.png",
    "res/drawable-mdpi/abc_list_divider_mtrl_alpha.9.png",
    "res/drawable-mdpi/abc_list_focused_holo.9.png",
    "res/drawable-mdpi/abc_list_longpressed_holo.9.png",
    "res/drawable-mdpi/abc_list_pressed_holo_dark.9.png",
    "res/drawable-mdpi/abc_list_pressed_holo_light.9.png",
    "res/drawable-mdpi/abc_list_selector_disabled_holo_dark.9.png",
    "res/drawable-mdpi/abc_list_selector_disabled_holo_light.9.png",
    "res/drawable-mdpi/abc_menu_hardkey_panel_mtrl_mult.9.png",
    "res/drawable-mdpi/abc_popup_background_mtrl_mult.9.png",
    "res/drawable-mdpi/abc_scrubber_control_off_mtrl_alpha.png",
    "res/drawable-mdpi/abc_scrubber_control_to_pressed_mtrl_000.png",
    "res/drawable-mdpi/abc_scrubber_control_to_pressed_mtrl_005.png",
    "res/drawable-mdpi/abc_scrubber_primary_mtrl_alpha.9.png",
    "res/drawable-mdpi/abc_scrubber_track_mtrl_alpha.9.png",
    "res/drawable-mdpi/abc_spinner_mtrl_am_alpha.9.png",
    "res/drawable-mdpi/abc_switch_track_mtrl_alpha.9.png",
    "res/drawable-mdpi/abc_tab_indicator_mtrl_alpha.9.png",
    "res/drawable-mdpi/abc_text_select_handle_left_mtrl_dark.png",
    "res/drawable-mdpi/abc_text_select_handle_left_mtrl_light.png",
    "res/drawable-mdpi/abc_text_select_handle_middle_mtrl_dark.png",
    "res/drawable-mdpi/googleg_disabled_color_18.png",
    "res/drawable-mdpi/abc_text_select_handle_middle_mtrl_light.png",
    "res/drawable-mdpi/abc_text_select_handle_right_mtrl_dark.png",
    "res/drawable-mdpi/abc_text_select_handle_right_mtrl_light.png",
    "res/drawable-mdpi/abc_textfield_activated_mtrl_alpha.9.png",
    "res/drawable-mdpi/abc_textfield_default_mtrl_alpha.9.png",
    "res/drawable-mdpi/abc_textfield_search_activated_mtrl_alpha.9.png",
    "res/drawable-mdpi/abc_textfield_search_default_mtrl_alpha.9.png",
    "res/drawable-mdpi/common_google_signin_btn_icon_dark_normal_background.9.png",
    "res/drawable-mdpi/common_google_signin_btn_icon_light_normal_background.9.png",
    "res/drawable-mdpi/common_google_signin_btn_text_dark_normal_background.9.png",
    "res/drawable-mdpi/common_google_signin_btn_text_light_normal_background.9.png",
    "res/drawable-mdpi/googleg_standard_color_18.png",
    "res/drawable-mdpi/notification_bg_low_normal.9.png",
    "res/drawable-mdpi/notification_bg_low_pressed.9.png",
    "res/drawable-mdpi/notification_bg_normal.9.png",
    "res/drawable-mdpi/notification_bg_normal_pressed.9.png",
    "res/drawable-mdpi/notify_panel_notification_icon_bg.png",
    "res/drawable-xhdpi/abc_ab_share_pack_mtrl_alpha.9.png",
    "res/drawable-xhdpi/abc_btn_check_to_on_mtrl_000.png",
    "res/drawable-xhdpi/abc_btn_check_to_on_mtrl_015.png",
    "res/drawable-xhdpi/abc_btn_radio_to_on_mtrl_000.png",
    "res/drawable-xhdpi/abc_btn_radio_to_on_mtrl_015.png",
    "res/drawable-xhdpi/abc_btn_switch_to_on_mtrl_00001.9.png",
    "res/drawable-xhdpi/abc_btn_switch_to_on_mtrl_00012.9.png",
    "res/drawable-xhdpi/abc_cab_background_top_mtrl_alpha.9.png",
    "res/drawable-xhdpi/abc_ic_commit_search_api_mtrl_alpha.png",
    "res/drawable-xhdpi/abc_ic_menu_copy_mtrl_am_alpha.png",
    "res/drawable-xhdpi/abc_ic_menu_cut_mtrl_alpha.png",
    "res/drawable-xhdpi/abc_ic_menu_paste_mtrl_am_alpha.png",
    "res/drawable-xhdpi/abc_ic_menu_selectall_mtrl_alpha.png",
    "res/drawable-xhdpi/abc_ic_menu_share_mtrl_alpha.png",
    "res/drawable-xhdpi/abc_ic_star_black_16dp.png",
    "res/drawable-xhdpi/abc_ic_star_black_36dp.png",
    "res/drawable-xhdpi/abc_ic_star_black_48dp.png",
    "res/drawable-xhdpi/abc_ic_star_half_black_16dp.png",
    "res/drawable-xhdpi/abc_ic_star_half_black_36dp.png",
    "res/drawable-xhdpi/abc_ic_star_half_black_48dp.png",
    "res/drawable-xhdpi/abc_list_divider_mtrl_alpha.9.png",
    "res/drawable-xhdpi/abc_list_focused_holo.9.png",
    "res/drawable-xhdpi/abc_list_longpressed_holo.9.png",
    "res/drawable-xhdpi/abc_list_pressed_holo_dark.9.png",
    "res/drawable-xhdpi/abc_list_pressed_holo_light.9.png",
    "res/drawable-xhdpi/abc_list_selector_disabled_holo_dark.9.png",
    "res/drawable-xhdpi/abc_list_selector_disabled_holo_light.9.png",
    "res/drawable-xhdpi/abc_menu_hardkey_panel_mtrl_mult.9.png",
    "res/drawable-xhdpi/abc_popup_background_mtrl_mult.9.png",
    "res/drawable-xhdpi/abc_scrubber_control_off_mtrl_alpha.png",
    "res/drawable-xhdpi/abc_scrubber_control_to_pressed_mtrl_000.png",
    "res/drawable-xhdpi/abc_scrubber_control_to_pressed_mtrl_005.png",
    "res/drawable-xhdpi/abc_scrubber_primary_mtrl_alpha.9.png",
    "res/drawable-xhdpi/abc_scrubber_track_mtrl_alpha.9.png",
    "res/drawable-xhdpi/abc_spinner_mtrl_am_alpha.9.png",
    "res/drawable-xhdpi/abc_switch_track_mtrl_alpha.9.png",
    "res/drawable-xhdpi/abc_tab_indicator_mtrl_alpha.9.png",
    "res/drawable-xhdpi/abc_text_select_handle_left_mtrl_dark.png",
    "res/drawable-xhdpi/abc_text_select_handle_left_mtrl_light.png",
    "res/drawable-xhdpi/abc_text_select_handle_middle_mtrl_dark.png",
    "res/drawable-xhdpi/app_icon.png",
    "res/drawable-xhdpi/dropbox3.png",
    "res/drawable-xhdpi/abc_text_select_handle_middle_mtrl_light.png",
    "res/drawable-xhdpi/abc_text_select_handle_right_mtrl_dark.png",
    "res/drawable-xhdpi/abc_text_select_handle_right_mtrl_light.png",
    "res/drawable-xhdpi/abc_textfield_activated_mtrl_alpha.9.png",
    "res/drawable-xhdpi/abc_textfield_default_mtrl_alpha.9.png",
    "res/drawable-xhdpi/abc_textfield_search_activated_mtrl_alpha.9.png",
    "res/drawable-xhdpi/abc_textfield_search_default_mtrl_alpha.9.png",
    "res/drawable-xhdpi/common_full_open_on_phone.png",
    "res/drawable-xhdpi/common_google_signin_btn_icon_dark_normal_background.9.png",
    "res/drawable-xhdpi/common_google_signin_btn_icon_light_normal_background.9.png",
    "res/drawable-xhdpi/common_google_signin_btn_text_dark_normal_background.9.png",
    "res/drawable-xhdpi/common_google_signin_btn_text_light_normal_background.9.png",
    "res/drawable-xhdpi/default_image.png",
    "res/drawable-xhdpi/facebook2.png",
    "res/drawable-xhdpi/facebook5.png",
    "res/drawable-xhdpi/free_fire3.png",
    "res/drawable-xhdpi/github1.png",
    "res/drawable-xhdpi/googleg_disabled_color_18.png",
    "res/drawable-xhdpi/googleg_standard_color_18.png",
    "res/drawable-xhdpi/imgg.png",
    "res/drawable-xhdpi/instagram1.png",
    "res/drawable-xhdpi/linkedin1.png",
    "res/drawable-xhdpi/messenger1.png",
    "res/drawable-xhdpi/microsoft1.png",
    "res/drawable-xhdpi/netflix1.png",
    "res/drawable-xhdpi/notification_bg_low_normal.9.png",
    "res/drawable-xhdpi/notification_bg_low_pressed.9.png",
    "res/drawable-xhdpi/notification_bg_normal.9.png",
    "res/drawable-xhdpi/notification_bg_normal_pressed.9.png",
    "res/drawable-xhdpi/notify_panel_notification_icon_bg.png",
    "res/drawable-xhdpi/paypal2.png",
    "res/drawable-xhdpi/protonmail1.png",
    "res/drawable-xhdpi/pubg2.png",
    "res/drawable-xhdpi/snapchat1.png",
    "res/drawable-xhdpi/tumblir1.png",
    "res/drawable-xhdpi/twitter1.png",
    "res/drawable-xhdpi/wall1.png",
    "res/drawable-xhdpi/wall2.png",
    "res/drawable-xhdpi/wall3.png",
    "res/drawable-xhdpi/wordpress1.png",
    "res/drawable-xhdpi/yahoo1.png",
    "res/drawable-xxhdpi/abc_ab_share_pack_mtrl_alpha.9.png",
    "res/drawable-xxhdpi/abc_btn_check_to_on_mtrl_000.png",
    "res/drawable-xxhdpi/abc_btn_check_to_on_mtrl_015.png",
    "res/drawable-xxhdpi/abc_btn_radio_to_on_mtrl_000.png",
    "res/drawable-xxhdpi/abc_btn_radio_to_on_mtrl_015.png",
    "res/drawable-xxhdpi/abc_btn_switch_to_on_mtrl_00001.9.png",
    "res/drawable-xxhdpi/abc_btn_switch_to_on_mtrl_00012.9.png",
    "res/drawable-xxhdpi/abc_cab_background_top_mtrl_alpha.9.png",
    "res/drawable-xxhdpi/abc_ic_commit_search_api_mtrl_alpha.png",
    "res/drawable-xxhdpi/abc_ic_menu_copy_mtrl_am_alpha.png",
    "res/drawable-xxhdpi/abc_ic_menu_cut_mtrl_alpha.png",
    "res/drawable-xxhdpi/abc_ic_menu_paste_mtrl_am_alpha.png",
    "res/drawable-xxhdpi/abc_ic_menu_selectall_mtrl_alpha.png",
    "res/drawable-xxhdpi/abc_ic_menu_share_mtrl_alpha.png",
    "res/drawable-xxhdpi/abc_ic_star_black_16dp.png",
    "res/drawable-xxhdpi/abc_ic_star_black_36dp.png",
    "res/drawable-xxhdpi/abc_ic_star_black_48dp.png",
    "res/drawable-xxhdpi/abc_ic_star_half_black_16dp.png",
    "res/drawable-xxhdpi/abc_ic_star_half_black_36dp.png",
    "res/drawable-xxhdpi/abc_ic_star_half_black_48dp.png",
    "res/drawable-xxhdpi/abc_list_divider_mtrl_alpha.9.png",
    "res/drawable-xxhdpi/abc_list_focused_holo.9.png",
    "res/drawable-xxhdpi/abc_list_longpressed_holo.9.png",
    "res/drawable-xxhdpi/abc_list_pressed_holo_dark.9.png",
    "res/drawable-xxhdpi/abc_list_pressed_holo_light.9.png",
    "res/drawable-xxhdpi/abc_list_selector_disabled_holo_dark.9.png",
    "res/drawable-xxhdpi/abc_list_selector_disabled_holo_light.9.png",
    "res/drawable-xxhdpi/abc_menu_hardkey_panel_mtrl_mult.9.png",
    "res/drawable-xxhdpi/abc_popup_background_mtrl_mult.9.png",
    "res/drawable-xxhdpi/abc_scrubber_control_off_mtrl_alpha.png",
    "res/drawable-xxhdpi/abc_scrubber_control_to_pressed_mtrl_000.png",
    "res/drawable-xxhdpi/abc_scrubber_control_to_pressed_mtrl_005.png",
    "res/drawable-xxhdpi/abc_scrubber_primary_mtrl_alpha.9.png",
    "res/drawable-xxhdpi/abc_scrubber_track_mtrl_alpha.9.png",
    "res/drawable-xxhdpi/abc_spinner_mtrl_am_alpha.9.png",
    "res/drawable-xxhdpi/abc_switch_track_mtrl_alpha.9.png",
    "res/drawable-xxhdpi/abc_tab_indicator_mtrl_alpha.9.png",
    "res/drawable-xxhdpi/abc_text_select_handle_left_mtrl_dark.png",
    "res/drawable-xxhdpi/abc_text_select_handle_left_mtrl_light.png",
    "res/drawable-xxhdpi/abc_text_select_handle_middle_mtrl_dark.png",
    "res/drawable-xxhdpi/googleg_disabled_color_18.png",
    "res/drawable-xxhdpi/abc_text_select_handle_middle_mtrl_light.png",
    "res/drawable-xxhdpi/abc_text_select_handle_right_mtrl_dark.png",
    "res/drawable-xxhdpi/abc_text_select_handle_right_mtrl_light.png",
    "res/drawable-xxhdpi/abc_textfield_activated_mtrl_alpha.9.png",
    "res/drawable-xxhdpi/abc_textfield_default_mtrl_alpha.9.png",
    "res/drawable-xxhdpi/abc_textfield_search_activated_mtrl_alpha.9.png",
    "res/drawable-xxhdpi/abc_textfield_search_default_mtrl_alpha.9.png",
    "res/drawable-xxhdpi/common_google_signin_btn_icon_dark_normal_background.9.png",
    "res/drawable-xxhdpi/common_google_signin_btn_icon_light_normal_background.9.png",
    "res/drawable-xxhdpi/common_google_signin_btn_text_dark_normal_background.9.png",
    "res/drawable-xxhdpi/common_google_signin_btn_text_light_normal_background.9.png",
    "res/drawable-xxhdpi/googleg_standard_color_18.png",
    "res/drawable-xxxhdpi/abc_btn_check_to_on_mtrl_000.png",
    "res/drawable-xxxhdpi/abc_btn_check_to_on_mtrl_015.png",
    "res/drawable-xxxhdpi/abc_btn_radio_to_on_mtrl_000.png",
    "res/drawable-xxxhdpi/abc_btn_radio_to_on_mtrl_015.png",
    "res/drawable-xxxhdpi/abc_btn_switch_to_on_mtrl_00001.9.png",
    "res/drawable-xxxhdpi/abc_btn_switch_to_on_mtrl_00012.9.png",
    "res/drawable-xxxhdpi/abc_ic_menu_copy_mtrl_am_alpha.png",
    "res/drawable-xxxhdpi/abc_ic_menu_cut_mtrl_alpha.png",
    "res/drawable-xxxhdpi/abc_ic_menu_paste_mtrl_am_alpha.png",
    "res/drawable-xxxhdpi/abc_ic_menu_selectall_mtrl_alpha.png",
    "res/drawable-xxxhdpi/abc_ic_menu_share_mtrl_alpha.png",
    "res/drawable-xxxhdpi/abc_ic_star_black_16dp.png",
    "res/drawable-xxxhdpi/abc_ic_star_black_36dp.png",
    "res/drawable-xxxhdpi/abc_ic_star_black_48dp.png",
    "res/drawable-xxxhdpi/abc_ic_star_half_black_16dp.png",
    "res/drawable-xxxhdpi/abc_ic_star_half_black_36dp.png",
    "res/drawable-xxxhdpi/abc_ic_star_half_black_48dp.png",
    "res/drawable-xxxhdpi/abc_scrubber_control_to_pressed_mtrl_000.png",
    "res/drawable-xxxhdpi/abc_scrubber_control_to_pressed_mtrl_005.png",
    "res/drawable-xxxhdpi/abc_spinner_mtrl_am_alpha.9.png",
    "res/drawable-xxxhdpi/abc_switch_track_mtrl_alpha.9.png",
    "res/drawable-xxxhdpi/abc_tab_indicator_mtrl_alpha.9.png",
    "res/drawable-xxxhdpi/abc_text_select_handle_left_mtrl_dark.png",
    "res/drawable-xxxhdpi/abc_text_select_handle_left_mtrl_light.png",
    "res/drawable-xxxhdpi/abc_text_select_handle_right_mtrl_dark.png",
    "res/drawable-xxxhdpi/abc_text_select_handle_right_mtrl_light.png",
    "jpg",
    "assets/nk.jpg",
    "assets/websites/images/microsoft2.jpg",
    "assets/websites/images/netflix2.jpg",
    "assets/websites/images/pubg1.jpg",
    "webp",
    "assets/websites/images/free_fire1.webp"
  ],
  "compressionType": false,
  "isFrameworkApk": false,
  "sparseResources": false,
  "version": "2.6.1-SNAPSHOT (Powered By Apkmod)",
  "sdkInfo": {
    "minSdkVersion": "14",
    "targetSdkVersion": "28"
  },
  "sharedLibrary": false
}